{
  "train_loss": [
    0.8477545700967312,
    0.6617037653923035,
    0.6137903295457363,
    0.6356148296967149,
    0.5687856383621692,
    0.5628391712903976,
    0.565802089124918,
    0.5347460389137269,
    0.5777722649276257,
    0.5819850273430347,
    0.5254018351435661,
    0.5090756889432668,
    0.4959940202534199,
    0.48050340376794337,
    0.46587446657940745
  ],
  "val_loss": [
    0.7171023070812226,
    0.7319868564605713,
    0.7419154524803162,
    0.6737101912498474,
    0.6198089361190796,
    0.6582258582115174,
    0.6605404496192933,
    0.6450243949890136,
    0.6491842150688172,
    0.6363081514835358,
    0.6291373014450073,
    0.6968286633491516,
    0.6844309210777283,
    0.6795132875442504,
    0.6204801440238953
  ],
  "train_f1": [
    0.5685868987813592,
    0.6878130868077278,
    0.6922585263848304,
    0.6843941777944564,
    0.717193765938282,
    0.7341802984476089,
    0.723694558441639,
    0.7237554341554642,
    0.7312832653522492,
    0.7027892619371414,
    0.7409120932221412,
    0.7416773945093155,
    0.7516276493668557,
    0.7527942731976509,
    0.7550787508487702
  ],
  "val_f1": [
    0.6171864449977875,
    0.6469541013240814,
    0.6026433140039444,
    0.7399334669113159,
    0.7006946921348571,
    0.747451901435852,
    0.6808135867118835,
    0.6630926489830017,
    0.6902387738227844,
    0.6895760893821716,
    0.6497682332992554,
    0.6962500929832458,
    0.6430922389030457,
    0.7072497606277466,
    0.6925566911697387
  ]
}