{
  "train_loss": [
    0.8698510251939297,
    0.6374205559492111,
    0.5999472968280315,
    0.6054847602732479,
    0.5364464007318019,
    0.5432735942304134,
    0.529969970881939,
    0.48144482895731927,
    0.5097353830933571,
    0.49311227053403855,
    0.4698126528412104,
    0.45521737476810814,
    0.4166024763137102,
    0.412997030466795,
    0.3933027411578223
  ],
  "val_loss": [
    0.6892648577690125,
    0.6816183567047119,
    0.6566953182220459,
    0.6526716768741607,
    0.6312549948692322,
    0.6390858292579651,
    0.6675562858581543,
    0.6757025480270386,
    0.6535086154937744,
    0.6360863089561463,
    0.7083822131156922,
    0.7372969031333924,
    0.655952537059784,
    0.7335094809532166,
    0.6346201181411744
  ],
  "train_f1": [
    0.563752401061356,
    0.698251336812973,
    0.7102639064192772,
    0.688665696978569,
    0.7303654238581657,
    0.7416787222027779,
    0.7472912967205048,
    0.7669758200645447,
    0.7493509441614151,
    0.749704372882843,
    0.7786529615521431,
    0.7631102621555328,
    0.8041517347097397,
    0.7944730803370476,
    0.8106434270739555
  ],
  "val_f1": [
    0.7189054965972901,
    0.6834696173667908,
    0.6003308236598969,
    0.63980433344841,
    0.6939106941223144,
    0.7138907074928283,
    0.723590087890625,
    0.6540812849998474,
    0.6850367188453674,
    0.6769668459892273,
    0.6422384977340698,
    0.6787818551063538,
    0.6570688843727112,
    0.6607228517532349,
    0.6904838800430297
  ]
}